Method,Average Events (Normal Days),Flash Crash Day Events
CUSUM,2.032388663967611,29.156410256410258
Isolation Forest,4.765958826175544,4.864102564102564
Local Outlier Factor,4.736912227779101,4.835897435897436
One-Class SVM,33.07520970601466,29.56153846153846
PCA,4.765538091079886,4.864102564102564
Threshold,0.05927601809954751,0.2512820512820513
Volume Imbalance,48.618078378449894,60.94615384615385
Z-Score,3.5140549337143763,6.11025641025641
